geno,pot,treat,block,longest_branch_week_6,biomass,bench,edge,north_side,south_side,nod_number,mean_nod_area,Percent_harvested,lobed_nodules_raw,proportion_lobed
HM307,1,C86,1,23.5,3.13,1,1,0,0,104,0.024826923,,,
HM042,3,C86,1,19,3.43,1,0,0,0,133,0.021203008,,,
HM046,4,C86,1,27,1.94,1,0,0,0,298,0.014812081,,,
HM192,5,C86,1,21,2.53,1,1,0,0,315.1515152,0.016923077,,,
HM054,6,C86,1,23,4.02,1,0,0,0,476.6666667,0.012391608,,,
HM049,7,C86,1,24,2.68,1,0,0,0,415.1515152,0.012722628,,,
HM014,8,C86,1,24,3.66,1,0,0,0,174,0.018137931,,,
HM125,10,C86,1,22,1.25,1,0,0,0,150,0.016733333,,,
HM016,11,C86,1,25,4.36,1,0,0,0,129,0.015682171,,,
HM151,12,C86,1,26,3.15,1,0,0,0,137,0.013839416,,,
HM024,13,C86,1,20,1.4,1,1,0,0,52,0.034173077,,,
HM065,14,C86,1,19,1.35,1,0,0,0,161,0.015614907,,,
HM201,15,C86,1,31.5,3.34,1,0,0,0,312,0.016362179,,,
HM048,16,C86,1,29.5,5.05,1,0,0,0,217.9104478,0.014869863,,,
HM099,17,C86,1,19,2.4,1,1,1,0,228,0.011114035,,,
HM172,18,C86,1,17,2.14,1,1,1,0,222,0.009905405,,,
HM119,19,C86,1,28,2.59,1,1,1,0,192,0.013020833,,,
HM301,20,C86,1,19,1.7,1,1,1,0,224,0.010763393,,,
HM131,21,C86,1,17,0.64,1,0,0,0,111,0.012477477,,,
HM253,22,C86,1,26.5,2.77,1,0,0,0,89,0.03358427,,,
HM012,23,C86,1,36,2.98,1,0,0,0,232,0.017288793,,,
HM179,24,C86,1,24,1.13,1,0,0,0,92,0.02026087,,,
HM025,25,C86,1,32,4.17,1,0,0,0,300,0.017826667,,,
HM122,26,C86,1,27,4.99,1,0,0,0,245,0.021428571,,,
HM276,27,C86,1,19,1.5,1,0,0,0,118,0.0185,,,
HM178,28,C86,1,25,3.07,1,0,0,0,285.0746269,0.01404712,,,
HM260,29,C86,1,21.5,0.03,1,0,0,0,23,0.011086957,,,
HM269,30,C86,1,28,1.43,1,0,0,0,215,0.013772093,,,
HM165,31,C86,1,26,3.71,1,0,0,0,159,0.027748428,,,
HM169,32,C86,1,27,3.6,1,0,0,0,385,0.009511688,,,
HM053,33,C86,1,31,4.66,1,0,0,0,335,0.01398209,,,
HM199,34,C86,1,32,1.97,1,0,0,0,140,0.02165,,,
HM050,35,C86,1,21,1.55,1,0,0,0,109,0.022431193,,,
HM072,36,C86,1,35,4.49,1,0,0,0,174,0.015436782,,,
HM197,37,C86,1,21,3.24,1,1,1,0,475.7575758,0.007847134,,,
HM005,38,C86,1,23,2.88,1,1,1,0,142,0.030190141,,,
HM018,39,C86,1,26,3.38,1,1,1,0,124,0.029653226,,,
HM162,41,C86,1,21,1.57,1,0,0,0,181,0.007657459,,,
HM047,42,C86,1,20.5,1.93,1,0,0,0,176,0.014755682,,,
HM129,43,C86,1,26,2.26,1,0,0,0,134,0.021029851,,,
HM124,44,C86,1,33,4.59,1,0,0,0,175,0.024188571,,,
HM020,45,C86,1,37,4.22,1,0,0,0,149,0.022510067,,,
HM186,46,C86,1,39.5,5.7,1,0,0,0,NA,NA,,,
HM066,47,C86,1,34,4.72,1,0,0,0,256,0.01103125,,,
HM182,48,C86,1,19,0.45,1,0,0,0,60,0.022983333,,,
HM293,49,C86,1,25,2.61,1,0,0,0,239,0.01207113,,,
HM170,50,C86,1,20,0.59,1,0,0,0,97,0.01785567,,,
HM180,51,C86,1,25.5,1.71,1,0,0,0,229,0.015659389,,,
HM135,52,C86,1,36.5,5.78,1,0,0,0,202.9850746,0.011705882,,,
HM152,53,C86,1,27,3.5,1,0,0,0,254,0.012129921,,,
HM026,54,C86,1,32,4.26,1,0,0,0,145,0.036096552,,,
HM045,55,C86,1,45,6.34,1,0,0,0,156,0.01824359,,,
HM175,56,C86,1,29.5,4.1,1,0,0,0,429.8507463,0.013569444,,,
HM167,57,C86,1,23,4.59,1,1,1,0,337,0.01094362,,,
HM027,58,C86,1,20,0.96,1,1,1,0,178,0.015966292,,,
HM187,59,C86,1,23.5,3.43,1,1,1,0,350.7462687,0.010825532,,,
HM134,60,C86,1,31,4.76,1,1,1,0,730.3030303,0.011195021,,,
HM056,61,C86,1,28,3.84,1,0,0,0,298,0.009234899,,,
HM033,62,C86,1,25.5,1.38,1,0,0,0,97,0.01828866,,,
HM107,63,C86,1,23.5,2.73,1,0,0,0,357,0.010714286,,,
HM082,64,C86,1,23,2.21,1,0,0,0,443,0.007327314,,,
HM041,65,C86,1,28.5,2.11,1,0,0,0,168,0.020125,,,
HM057,66,C86,1,31,5.09,1,0,0,0,270,0.018440741,,,
HM013,67,C86,1,24,1.11,1,0,0,0,223,0.011986547,,,
HM316,68,C86,1,29,1.76,1,0,0,0,195,0.013861538,,,
HM021,69,C86,1,32,3.84,1,0,0,0,191,0.021429319,,,
HM087,70,C86,1,30,4.19,1,0,0,0,133,0.028007519,,,
HM195,71,C86,1,36,2.84,1,0,0,0,201,0.014054726,,,
HM164,72,C86,1,30,5.04,1,0,0,0,NA,0.020740741,,,
HM015,73,C86,1,15,0.74,1,0,0,0,63,0.021746032,,,
HM176,74,C86,1,28,3.67,1,0,0,0,335,0.010683582,,,
HM278,75,C86,1,27,2.44,1,0,0,0,222,0.012463964,,,
HM145,76,C86,1,33,3.32,1,0,0,0,325.3731343,0.014151376,,,
HM295,77,C86,1,24,4.86,1,1,1,0,170,0.017517647,,,
HM181,78,C86,1,27,3.47,1,1,1,0,194,0.014525773,,,
HM109,79,C86,1,24,6.5,1,1,1,0,NA,NA,,,
HM036,80,C86,1,24,2.6,1,1,1,0,196,0.015658163,,,
HM073,81,C86,1,26,3.87,1,0,0,0,260,0.013764103,,,
HM095,82,C86,1,27,2.87,1,0,0,0,203,0.012906404,,,
HM202,83,C86,1,27,1.08,1,0,0,0,60,0.0383,,,
HM086,84,C86,1,24,2.97,1,0,0,0,256,0.015835938,,,
HM071,85,C86,1,30,3.7,1,0,0,0,209,0.010961722,,,
HM003,86,C86,1,25,1.45,1,0,0,0,127,0.011826772,,,
HM308,87,C86,1,29,3.09,1,0,0,0,353,0.01086119,,,
HM185,88,C86,1,22.5,1.73,1,0,0,0,203,0.014325123,,,
HM160,89,C86,1,29,1.74,1,0,0,0,215,0.019004651,,,
HM289,90,C86,1,28,1.68,1,0,0,0,320,0.0124875,,,
HM097,91,C86,1,28,3.2,1,0,0,0,109,0.017266055,,,
HM069,92,C86,1,27,4.65,1,0,0,0,92,0.022956522,,,
HM147,93,C86,1,31,4.8,1,0,0,0,110,0.031936364,,,
HM083,94,C86,1,24,4.43,1,0,0,0,396.969697,0.011366412,,,
HM108,95,C86,1,25,1.99,1,0,0,0,228,0.018135965,,,
HM058,96,C86,1,33.5,3.67,1,0,0,0,228,0.016285088,,,
HM051,97,C86,1,20,3.56,1,1,1,0,NA,NA,,,
HM055,98,C86,1,27,5.09,1,1,1,0,NA,NA,,,
HM156,99,C86,1,21,4.45,1,1,1,0,141,0.021794326,,,
HM077,100,C86,1,30,3.25,1,1,1,0,234,0.014098291,,,
HM019,101,C86,1,27,3.18,1,0,0,0,180,0.018427778,,,
HM139,102,C86,1,32,2.96,1,0,0,0,79,0.017316456,,,
HM063,103,C86,1,36.5,2.79,1,0,0,0,226,0.015504425,,,
HM092,104,C86,1,29,3.68,1,0,0,0,251,0.021565737,,,
HM298,105,C86,1,32,4.51,1,0,0,0,138,0.018347826,,,
HM297,106,C86,1,29,0.16,1,0,0,0,40,0.025475,,,
HM040,107,C86,1,40,5.4,1,0,0,0,149,0.016174497,,,
HM034,108,C86,1,21,1.34,1,0,0,0,162,0.018185185,,,
HM114,109,C86,1,31,5.58,1,0,0,0,207,0.019193237,,,
HM166,110,C86,1,30,1.51,1,0,0,0,225,0.014288889,,,
HM007,111,C86,1,21,0.28,1,0,0,0,91,0.010868132,,,
HM121,113,C86,1,31.5,5.47,1,0,0,0,254,0.016665354,,,
HM117,114,C86,1,39,5.95,1,0,0,0,NA,NA,,,
HM074,115,C86,1,38.5,5.62,1,0,0,0,274,0.015135036,,,
HM141,116,C86,1,31.5,6.02,1,0,0,0,180,0.023377778,,,
HM070,117,C86,1,39.5,0.62,1,1,1,0,69,0.027014493,,,
HM271,118,C86,1,20,1.38,1,1,1,0,197.0149254,0.012636364,,,
HM159,119,C86,1,24,4.24,1,1,1,0,165,0.024709091,,,
HM205,120,C86,1,27.5,1.84,1,1,1,0,168,0.025303571,,,
HM294,121,C86,1,24.5,0.2,1,0,0,0,51,0.021098039,,,
HM150,122,C86,1,32,2.96,1,0,0,0,231,0.01408658,,,
HM184,123,C86,1,28.5,2.6,1,0,0,0,150,0.021406667,,,
HM203,124,C86,1,31,2.72,1,0,0,0,223,0.017076233,,,
HM305,125,C86,1,35,4.51,1,0,0,0,220,0.020390909,,,
HM044,126,C86,1,26,4.61,1,0,0,0,158,0.025575949,,,
HM052,127,C86,1,30,3.89,1,0,0,0,352,0.018730114,,,
HM155,129,C86,1,28.5,0.96,1,0,0,0,259.7014925,0.018701149,,,
HM130,130,C86,1,30.5,5.23,1,0,0,0,129,0.020589147,,,
HM010,131,C86,1,36.5,4.33,1,0,0,0,251,0.020386454,,,
HM267,132,C86,1,31.5,3.97,1,0,0,0,159,0.031459119,,,
HM120,133,C86,1,41,5.37,1,0,0,0,238.8059701,0.0143375,,,
HM028,134,C86,1,32.5,4.6,1,0,0,0,255,0.018533333,,,
HM189,135,C86,1,33,3.86,1,0,0,0,267,0.019651685,,,
HM032,136,C86,1,15,0.35,1,0,0,0,99,0.010222222,,,
HM262,137,C86,1,27,0.41,1,1,1,0,142,0.011295775,,,
HM277,138,C86,1,31,3.16,1,1,1,0,233.3333333,0.013614286,,,
HM310,139,C86,1,22,3.92,1,1,1,0,107,0.047037383,,,
HM138,140,C86,1,30,2.42,1,1,1,0,NA,NA,,,
HM061,141,C86,1,28,3.2,1,0,0,0,166,0.01960241,,,
HM128,142,C86,1,28,2.17,1,0,0,0,134,0.025589552,,,
HM306,143,C86,1,28.5,2.87,1,0,0,0,158,0.015373418,,,
HM198,144,C86,1,26,2.58,1,0,0,0,89,0.038696629,,,
HM080,145,C86,1,30,5.7,1,0,0,0,348,0.013451149,,,
HM287,146,C86,1,29,1.88,1,0,0,0,182,0.020620879,,,
HM009,147,C86,1,36,7.06,1,0,0,0,188.0597015,0.019611111,,,
HM148,148,C86,1,32,1.69,1,0,0,0,272,0.017393382,,,
HM149,149,C86,1,31,2.8,1,0,0,0,147,0.01747619,,,
HM089,150,C86,1,34.5,6.38,1,0,0,0,493,0.01843002,,,
HM098,151,C86,1,38,4.7,1,0,0,0,292,0.016907534,,,
HM062,152,C86,1,27,4.1,1,0,0,0,232,0.021806034,,,
HM039,153,C86,1,39.5,5.55,1,0,0,0,104,0.031346154,,,
HM304,154,C86,1,34,7,1,0,0,0,382.0895522,0.015308594,,,
HM299,155,C86,1,15.5,NA,1,0,0,0,5,0.0086,,,
HM193,156,C86,1,32,1.44,1,0,0,0,184,0.015331522,,,
HM106,157,C86,1,21.5,2.99,1,1,1,0,94,0.027276596,,,
HM133,158,C86,1,32,4.13,1,1,1,0,235,0.019280851,,,
HM076,159,C86,1,22.5,4.19,1,1,1,0,108,0.033611111,,,
HM006,160,C86,1,24,3.4,1,1,1,0,377,0.012649867,,,
HM312,161,C86,1,24.5,0.81,1,0,0,0,147,0.018816327,,,
HM194,162,C86,1,28,6.52,1,0,0,0,146,0.014910959,,,
HM168,163,C86,1,30,1.86,1,0,0,0,134,0.021686567,,,
HM068,164,C86,1,37,1.36,1,0,0,0,92,0.023108696,,,
HM037,165,C86,1,36.5,6.55,1,0,0,0,163,0.015184049,,,
HM093,166,C86,1,40.5,5.59,1,0,0,0,323,0.015702786,,,
HM190,167,C86,1,28,2.29,1,0,0,0,156,0.028217949,,,
HM191,168,C86,1,36,4.37,1,0,0,0,202,0.016034653,,,
HM004,169,C86,1,31,2.83,1,0,0,0,271,0.012594096,,,
HM085,170,C86,1,36.5,6.51,1,0,0,0,255,0.024403922,,,
HM153,171,C86,1,32.5,3.37,1,0,0,0,284,0.015102113,,,
HM008,172,C86,1,28,5.15,1,0,0,0,219,0.016278539,,,
HM001,173,C86,1,29.5,3.52,1,0,0,0,126,0.023285714,,,
HM302,174,C86,1,31,3.62,1,0,0,0,134,0.028119403,,,
HM079,175,C86,1,34.5,6.96,1,0,0,0,205,0.020117073,,,
HM023,176,C86,1,25,3.8,1,0,0,0,57,0.046052632,,,
HM096,177,C86,1,28,2.62,1,1,1,0,222,0.016063063,,,
HM084,178,C86,1,26,5.21,1,1,1,0,191,0.028256545,,,
HM173,179,C86,1,25,5.7,1,1,1,0,164,0.01902439,,,
HM115,180,C86,1,26,3.98,1,1,1,0,83,0.025024096,,,
HM268,181,C86,1,29.5,2.57,1,0,0,0,159,0.023427673,,,
HM309,182,C86,1,34.5,6.76,1,0,0,0,248,0.014956989,,,
HM270,183,C86,1,23,0.24,1,0,0,0,18,0.013833333,,,
HM081,184,C86,1,25,2.87,1,0,0,0,165,0.021624242,,,
HM091,185,C86,1,28,4.75,1,0,0,0,121,0.031702479,,,
HM075,186,C86,1,34,5.64,1,0,0,0,178,0.022258427,,,
HM002,187,C86,1,26,3.97,1,0,0,0,490.9090909,0.014617284,,,
HM146,188,C86,1,32,1.83,1,0,0,0,176,0.017738636,,,
HM196,189,C86,1,30.5,2.62,1,0,0,0,80,0.0424375,,,
HM118,190,C86,1,42,8.98,1,0,0,0,200,0.022841176,,,
HM064,191,C86,1,34.5,5.87,1,0,0,0,279,0.019566308,,,
HM266,192,C86,1,36.5,6.44,1,0,0,0,176,0.022943182,,,
HM177,193,C86,1,27.5,6.1,1,0,0,0,261,0.021873563,,,
HM060,194,C86,1,32.5,4.99,1,0,0,0,139,0.025971223,,,
HM296,195,C86,1,36,7.24,1,0,0,0,387,0.01345478,,,
HM154,196,C86,1,34.5,6.83,1,0,0,0,253.7313433,0.018635294,,,
HM200,197,C86,1,25.5,0.88,1,1,1,0,111,0.024738739,,,
HM038,198,C86,1,27,3.45,1,1,1,0,239,0.01590795,,,
HM157,199,C86,1,28,1.28,1,1,1,0,120,0.024525,,,
HM315,200,C86,1,26,4.27,1,1,1,0,180,0.026255556,,,
HM183,201,C86,1,27.5,2.51,1,0,0,0,170,0.012382353,,,
HM279,202,C86,1,33,4.23,1,0,0,0,187,0.023663102,,,
HM011,203,C86,1,28.5,3.96,1,0,0,0,262,0.020637405,,,
HM031,205,C86,1,34.5,4.1,1,0,0,0,239,0.015945607,,,
HM288,206,C86,1,31.5,4.12,1,0,0,0,246,0.02251626,,,
HM112,207,C86,1,38,6.5,1,0,0,0,384,0.015299479,,,
HM101,208,C86,1,39,5.72,1,0,0,0,330,0.011163636,,,
HM045,209,C86,2,36.5,6.2,1,0,0,0,280,0.02444898,,,
HM051,211,C86,2,34.5,4.69,1,0,0,0,280,0.021168367,,,
HM168,212,C86,2,31,6.03,1,0,0,0,177,0.019322034,,,
HM007,213,C86,2,15.5,0.67,1,0,0,0,130,0.012861538,,,
HM014,214,C86,2,28,6.07,1,0,0,0,255,0.025372549,,,
HM180,215,C86,2,26.5,2.47,1,0,0,0,241.3333333,0.027469613,,,
HM169,216,C86,2,26.5,4.48,1,0,0,0,199,0.021366834,,,
HM107,217,C86,2,15.5,2,1,1,1,0,260,0.019819231,,,
HM077,218,C86,2,31,1.36,1,1,1,0,178,0.019646067,,,
HM184,219,C86,2,30,4.48,1,1,1,0,157,0.01633758,,,
HM194,220,C86,2,23,5.5,1,1,1,0,136,0.030647059,,,
HM153,221,C86,2,26,1.73,1,0,0,0,198,0.016040404,,,
HM081,222,C86,2,23,2.42,1,0,0,0,249,0.021759036,,,
HM296,223,C86,2,31.5,4.34,1,0,0,0,163,0.01101227,,,
HM196,224,C86,2,24,3.06,1,0,0,0,131,0.021755725,,,
HM269,225,C86,2,38,6.07,1,0,0,0,244,0.013479508,,,
HM044,226,C86,2,27.5,5.28,1,0,0,0,177,0.03759322,,,
HM175,227,C86,2,27,4.18,1,0,0,0,222,0.016027027,,,
HM302,228,C86,2,32,3.17,1,0,0,0,182,0.018846154,,,
HM128,229,C86,2,28,0.54,1,0,0,0,66,0.020227273,,,
HM063,230,C86,2,37,6.73,1,0,0,0,121,0.013272727,,,
HM016,231,C86,2,33,7.27,1,0,0,0,170,0.023329412,,,
HM167,232,C86,2,30,6.99,1,0,0,0,192,0.015010417,,,
HM122,233,C86,2,30.5,5.43,1,0,0,0,255.2238806,0.018766082,,,
HM308,235,C86,2,31,5.27,1,0,0,0,174,0.017534483,,,
HM191,236,C86,2,28,3.54,1,0,0,0,179,0.017435754,,,
HM004,237,C86,2,22,4.8,1,1,1,0,365,0.011731507,,,
HM179,238,C86,2,21,2.33,1,1,1,0,183,0.023251366,,,
HM023,239,C86,2,20.5,1.73,1,1,1,0,57,0.037350877,,,
HM086,240,C86,2,16.5,3.98,1,1,1,0,254,0.01692126,,,
HM087,241,C86,2,24,4.3,1,0,0,0,77,0.024558442,,,
HM186,242,C86,2,30.5,4.35,1,0,0,0,331.3432836,0.01154955,,,
HM294,243,C86,2,25.5,3.19,1,0,0,0,261,0.01797318,,,
HM200,244,C86,2,30.5,2.42,1,0,0,0,191,0.019251309,,,
HM006,245,C86,2,27,4.2,1,0,0,0,150,0.036406667,,,
HM058,246,C86,2,33.5,5.13,1,0,0,0,206,0.021587379,,,
HM015,247,C86,2,18.5,1.14,1,0,0,0,113,0.022690265,,,
HM176,248,C86,2,24.5,2.33,1,0,0,0,202,0.020252475,,,
HM193,249,C86,2,31,3.81,1,0,0,0,275,0.017174545,,,
HM146,250,C86,2,30,4.5,1,0,0,0,290,0.021724138,,,
HM156,251,C86,2,29,3.14,1,0,0,0,147,0.029163265,,,
HM114,252,C86,2,33.5,5.96,1,0,0,0,138,0.030702899,,,
HM130,253,C86,2,27.5,6.01,1,0,0,0,344,0.017093023,,,
HM005,254,C86,2,27.5,5.55,1,0,0,0,93,0.038043011,,,
HM118,255,C86,2,43,6.23,1,0,0,0,241,0.025759336,,,
HM079,256,C86,2,34.5,5.78,1,0,0,0,372,0.013827957,,,
HM276,257,C86,2,13.5,0.74,1,1,1,0,117,0.013393162,,,
HM084,258,C86,2,18,4.31,1,1,1,0,246,0.024971545,,,
HM002,259,C86,2,30,4.11,1,1,1,0,208,0.017995192,,,
HM270,260,C86,2,27.5,1.41,1,1,1,0,115,0.029452174,,,
HM085,261,C86,2,27.5,1.89,1,0,0,0,152,0.023901316,,,
HM183,262,C86,2,23.5,2.47,1,0,0,0,177,0.022112994,,,
HM052,263,C86,2,24.5,4,1,0,0,0,196,0.02194898,,,
HM262,264,C86,2,31,0.54,1,0,0,0,108,0.015972222,,,
HM066,265,C86,2,35,5.11,1,0,0,0,187,0.022545455,,,
HM155,267,C86,2,32,2.48,1,0,0,0,310,0.017820276,,,
HM060,268,C86,2,31,5.2,1,0,0,0,282.8571429,0.019065657,,,
HM124,269,C86,2,34,6.45,1,0,0,0,133,0.032518797,,,
HM170,270,C86,2,21,2.11,1,0,0,0,173,0.031080925,,,
HM108,271,C86,2,28,5.88,1,0,0,0,181,0.018453039,,,
HM089,272,C86,2,33.5,6.35,1,0,0,0,464,0.016109914,,,
HM028,273,C86,2,30.5,6.27,1,0,0,0,171,0.019163743,,,
HM172,274,C86,2,28,4.48,1,0,0,0,288,0.015746528,,,
HM160,275,C86,2,35,5.96,1,0,0,0,142,0.025866197,,,
HM021,277,C86,2,25,5.71,1,1,1,0,252,0.032878307,,,
HM304,278,C86,2,27,5.6,1,1,1,0,235,0.027131915,,,
HM185,279,C86,2,20.5,1.85,1,1,1,0,151,0.024291391,,,
HM037,280,C86,2,25,3.18,1,1,1,0,138,0.02292029,,,
HM315,281,C86,2,33,4.99,1,0,0,0,338,0.017763314,,,
HM125,282,C86,2,35.5,2.43,1,0,0,0,231,0.023645022,,,
HM068,283,C86,2,28.5,0.65,1,0,0,0,61,0.031442623,,,
HM141,284,C86,2,28,4.74,1,0,0,0,159,0.035465409,,,
HM050,285,C86,2,23.5,2.78,1,0,0,0,153,0.034248366,,,
HM307,286,C86,2,40.5,5.1,1,0,0,0,185,0.023902703,,,
HM062,288,C86,2,19.5,1.52,1,0,0,0,129,0.034868217,,,
HM301,289,C86,2,25,3.74,1,0,0,0,216,0.021949074,,,
HM009,290,C86,2,35.5,6.97,1,0,0,0,469.6969697,0.017477419,,,
HM095,291,C86,2,32,4.37,1,0,0,0,280,0.015521429,,,
HM138,292,C86,2,33.5,1.87,1,0,0,0,149,0.019436242,,,
HM145,293,C86,2,30.5,2.69,1,0,0,0,201,0.024751244,,,
HM019,294,C86,2,29,4.74,1,0,0,0,539.3939394,0.017837079,,,
HM165,295,C86,2,29.5,5.81,1,0,0,0,306,0.026127451,,,
HM278,296,C86,2,28,0.8,1,0,0,0,115,0.020573913,,,
HM154,297,C86,2,23.5,6.43,1,1,1,0,452,0.021502212,,,
HM182,298,C86,2,18,2.22,1,1,1,0,217,0.02737788,,,
HM018,299,C86,2,27,5.94,1,1,1,0,93,0.041752688,,,
HM162,300,C86,2,19.5,2.86,1,1,1,0,192,0.009234375,,,
HM031,301,C86,2,27,2.86,1,0,0,0,318,0.009811321,,,
HM152,302,C86,2,24.5,3.16,1,0,0,0,499,0.008985972,,,
HM271,303,C86,2,19.5,3.49,1,0,0,0,567,0.013731922,,,
HM253,304,C86,2,35.5,3.62,1,1,0,0,118,0.035788136,,,
HM091,305,C86,2,28,3.96,1,0,0,0,207,0.028724638,,,
HM129,306,C86,2,23,1.81,1,0,0,0,99,0.040010101,,,
HM073,307,C86,2,25,2.36,1,0,0,0,319.4029851,0.025046729,,,
HM306,308,C86,2,29,5.06,1,1,0,0,182,0.02332967,,,
HM288,309,C86,2,24.5,0.65,1,0,0,0,112,0.018008929,,,
HM309,310,C86,2,44.5,6,1,0,0,0,566.6666667,0.009887701,,,
HM277,311,C86,2,27,3.38,1,0,0,0,379,0.011369393,,,
HM133,312,C86,2,35,5.12,1,1,0,0,248,0.018875,,,
HM020,313,C86,2,39.5,5.82,1,0,0,0,101,0.031663366,,,
HM134,314,C86,2,41.5,6.65,1,0,0,0,230,0.0148,,,
HM305,315,C86,2,31,5.02,1,0,0,0,134,0.02230597,,,
HM205,316,C86,2,28.5,2.09,1,1,0,0,88,0.028204545,,,
HM310,317,C86,2,18,4.19,1,1,1,0,77,0.035571429,,,
HM289,318,C86,2,29.5,3.06,1,1,1,0,184,0.025831522,,,
HM109,319,C86,2,26,5.96,1,1,1,0,130,0.020169231,,,
HM279,320,C86,2,18,5.16,1,1,1,0,102,0.025686275,,,
HM117,321,C86,2,25,4.88,1,1,0,0,229,0.028148472,,,
HM010,322,C86,2,32,3.5,1,0,0,0,123,0.036235772,,,
HM076,323,C86,2,24.5,2.42,1,0,0,0,64,0.0716875,,,
HM189,324,C86,2,27,1.82,1,0,0,0,281,0.020775801,,,
HM083,325,C86,2,23.5,4.78,1,1,0,0,136,0.015757353,,,
HM070,326,C86,2,22,0.25,1,0,0,0,78,0.020576923,,,
HM197,327,C86,2,24,3.48,1,0,0,0,554.5454545,0.010349727,,,
HM316,328,C86,2,34,2.35,1,0,0,0,158,0.033031646,,,
HM266,329,C86,2,34,4.03,1,1,0,0,126,0.016531746,,,
HM293,330,C86,2,21.5,3.74,1,0,0,0,119,0.014857143,,,
HM202,331,C86,2,25.5,5.6,1,0,0,0,171,0.033684211,,,
HM198,332,C86,2,23.5,2.29,1,0,0,0,89,0.031617978,,,
HM203,333,C86,2,29,3.7,1,1,0,0,395,0.013225316,,,
HM135,334,C86,2,35,3.82,1,0,0,0,118,0.037966102,,,
HM099,335,C86,2,25,1.71,1,0,0,0,149,0.026771812,,,
HM178,336,C86,2,27,4.34,1,0,0,0,179,0.020910615,,,
HM295,337,C86,2,24,5.01,1,1,0,1,138,0.031391304,,,
HM151,338,C86,2,26,4.5,1,1,0,1,171,0.023766082,,,
HM053,339,C86,2,26,6.28,1,1,0,1,259.7014925,0.017270115,,,
HM071,340,C86,2,26,4.56,1,1,0,1,429.8507463,0.021475694,,,
HM101,341,C86,2,30.5,4.81,1,0,0,0,328,0.017628049,,,
HM064,342,C86,2,28.5,1.75,1,0,0,0,151,0.028960265,,,
HM034,343,C86,2,22,3.65,1,0,0,0,249,0.022935743,,,
HM297,344,C86,2,33.5,4.33,1,0,0,0,184,0.02573913,,,
HM173,345,C86,2,28.5,5.42,1,0,0,0,270.1492537,0.014331492,,,
HM056,346,C86,2,35.5,5.95,1,0,0,0,277,0.014703971,,,
HM092,347,C86,2,31,5.89,1,0,0,0,167,0.027550898,,,
HM148,348,C86,2,26,1.52,1,0,0,0,219,0.024054795,,,
HM115,349,C86,2,31,5.51,1,0,0,0,249,0.024558233,,,
HM033,350,C86,2,22,1.48,1,0,0,0,79,0.034025316,,,
HM157,351,C86,2,28,0.62,1,0,0,0,102,0.020784314,,,
HM096,352,C86,2,25.5,1.64,1,0,0,0,220,0.019895455,,,
HM149,353,C86,2,26,2.52,1,0,0,0,239,0.021594142,,,
HM187,354,C86,2,25.5,5.07,1,0,0,0,464,0.013028017,,,
HM268,355,C86,2,30,4.7,1,0,0,0,307,0.015078176,,,
HM055,356,C86,2,29.5,4.92,1,0,0,0,375,0.020709333,,,
HM119,357,C86,2,24.5,4.12,1,1,0,1,226,0.021792035,,,
HM003,358,C86,2,22,4.67,1,1,0,1,79,0.016189873,,,
HM025,359,C86,2,25.5,4.32,1,1,0,1,224,0.016383929,,,
HM298,360,C86,2,23,5.51,1,1,0,1,266,0.009729323,,,
HM190,362,C86,2,26.5,2.39,1,0,0,0,169,0.033781065,,,
HM047,363,C86,2,20,2.85,1,0,0,0,141,0.02864539,,,
HM040,364,C86,2,39,2.25,1,0,0,0,205,0.015453659,,,
HM048,365,C86,2,32,5.93,1,0,0,0,548.4848485,0.010977901,,,
HM312,366,C86,2,24,1.4,1,0,0,0,170,0.0232,,,
HM065,367,C86,2,22.5,0.7,1,0,0,0,117,0.023692308,,,
HM164,368,C86,2,29.5,5.41,1,0,0,0,149,0.025637584,,,
HM026,369,C86,2,29.5,4.9,1,0,0,0,188,0.034074468,,,
HM177,370,C86,2,31,6.03,1,0,0,0,368.5714286,0.017050388,,,
HM057,371,C86,2,33.5,3.86,1,0,0,0,161,0.029037267,,,
HM267,372,C86,2,31.5,5.69,1,0,0,0,181,0.03040884,,,
HM201,373,C86,2,32,7.48,1,0,0,0,238,0.041243697,,,
HM069,374,C86,2,34.5,7.95,1,0,0,0,375,0.020549333,,,
HM082,375,C86,2,28,5.54,1,0,0,0,276.25,0.017914027,,,
HM080,376,C86,2,37,6.25,1,0,0,0,256,0.017390625,,,
HM039,377,C86,2,35.5,7.08,1,1,0,1,200,0.029555,,,
HM112,378,C86,2,31.5,5.87,1,1,0,1,425.2631579,0.020668317,,,
HM001,379,C86,2,29,4.58,1,1,0,1,180,0.015294444,,,
HM046,380,C86,2,31,4,1,1,0,1,410.4477612,0.017858182,,,
HM150,381,C86,2,26,3.2,1,0,0,0,392,0.010334184,,,
HM139,382,C86,2,34.5,3.09,1,0,0,0,197,0.016609137,,,
HM061,383,C86,2,22,4.66,1,0,0,0,350,0.014895238,,,
HM098,384,C86,2,31,4.54,1,0,0,0,263,0.020787072,,,
HM074,385,C86,2,41,6.49,1,0,0,0,438,0.012881279,,,
HM013,386,C86,2,21.5,1.44,1,0,0,0,285,0.014498246,,,
HM106,387,C86,2,NA,0,1,0,0,0,NA,NA,,,
HM011,388,C86,2,32,5.67,1,0,0,0,343.2835821,0.015304348,,,
HM032,389,C86,2,18,1.18,1,0,0,0,304,0.011282895,,,
HM260,390,C86,2,13.5,0,1,0,0,0,NA,NA,,,
HM024,391,C86,2,31.5,2.89,1,0,0,0,76,0.045894737,,,
HM166,392,C86,2,29.5,6.52,1,0,0,0,92,0.017554348,,,
HM054,393,C86,2,34,6.92,1,0,0,0,229,0.019327511,,,
HM072,394,C86,2,34.5,6.46,1,0,0,0,368.5714286,0.016976744,,,
HM192,395,C86,2,33,7.73,1,0,0,0,236,0.022423729,,,
HM121,396,C86,2,32,7.86,1,0,0,0,130,0.018384615,,,
HM075,397,C86,2,26,5.97,1,1,0,1,463,0.015658747,,,
HM120,398,C86,2,37,7.29,1,1,0,1,125,0.016496,,,
HM097,399,C86,2,27,5.1,1,1,0,1,279,0.025681004,,,
HM147,400,C86,2,31,6.3,1,1,0,1,280.5970149,0.023601064,,,
HM049,401,C86,2,20.5,1.76,1,0,0,0,259,0.013393822,,,
HM199,402,C86,2,30,4.55,1,0,0,0,152,0.025460526,,,
HM012,403,C86,2,32.5,2.38,1,0,0,0,220,0.021122727,,,
HM041,404,C86,2,28,1.64,1,0,0,0,182,0.020346154,,,
HM159,405,C86,2,28.5,4.01,1,0,0,0,105,0.038028571,,,
HM008,406,C86,2,30,7.33,1,0,0,0,311.9402985,0.020358852,,,
HM131,407,C86,2,NA,NA,1,0,0,0,NA,NA,,,
HM299,408,C86,2,18.5,0.4,1,0,0,0,64,0.01728125,,,
HM181,409,C86,2,32,6.67,1,0,0,0,220,0.015336364,,,
HM093,410,C86,2,36.5,5.7,1,0,0,0,154,0.018331169,,,
HM027,411,C86,2,23.5,1.4,1,0,0,0,183,0.022453552,,,
HM042,412,C86,2,30.5,6.76,1,0,0,0,501,0.013281437,,,
HM036,413,C86,2,33,8,1,0,0,0,164,0.018810976,,,
HM195,414,C86,2,40.5,5.17,1,0,0,0,165,0.025066667,,,
HM038,415,C86,2,34.5,6.22,1,0,0,0,311.9402985,0.016507177,,,
HM287,416,C86,2,27,2.16,1,0,0,0,140,0.021571429,,,
HM178,417,C86,3,27.5,5.02,1,1,0,1,490.9090909,0.016055556,,,
HM070,418,C86,3,37,1.93,1,1,0,1,217,0.034534562,,,
HM124,420,C86,3,36,8.29,1,1,0,1,140,0.026128571,,,
HM072,421,C86,3,34.5,4.7,1,0,0,0,136,0.016470588,,,
HM310,422,C86,3,24.5,2.96,1,0,0,0,113,0.041619469,,,
HM071,424,C86,3,32,0.55,1,0,0,0,43,0.016139535,,,
HM196,425,C86,3,31,4.99,1,0,0,0,115,0.036782609,,,
HM164,427,C86,3,37,5.57,1,0,0,0,127,0.029543307,,,
HM298,428,C86,3,33.5,7.26,1,0,0,0,409.0909091,0.012377778,,,
HM166,429,C86,3,28,7.66,1,0,0,0,116,0.017732759,,,
HM122,430,C86,3,35.5,6.7,1,0,0,0,132,0.020818182,,,
HM055,431,C86,3,39,7.9,1,0,0,0,182,0.033510989,,,
HM033,432,C86,3,32.5,6.1,1,0,0,0,76,0.024631579,,,
HM057,434,C86,3,34,7.32,1,0,0,0,118,0.026305085,,,
HM027,435,C86,3,28,4.1,1,0,0,0,320,0.022491071,,,
HM066,436,C86,3,42.5,6.74,1,0,0,0,300,0.02089,,,
HM176,437,C86,3,23,6.56,1,1,0,1,NA,0.010836478,,,
HM253,439,C86,3,31.5,7.19,1,1,0,1,307,0.031117264,,,
HM117,440,C86,3,37,6.6,1,1,0,1,306,0.019058824,,,
HM200,441,C86,3,31.5,1.78,1,0,0,0,345,0.016101449,,,
HM010,442,C86,3,33.5,3.52,1,0,0,0,305.9701493,0.026629268,,,
HM201,443,C86,3,35,2.73,1,0,0,0,142,0.029330986,,,
HM046,444,C86,3,37.5,0.77,1,0,0,0,142,0.016323944,,,
HM186,445,C86,3,38.5,7.6,1,0,0,0,246,0.014707317,,,
HM315,446,C86,3,43,6.45,1,0,0,0,452,0.021597345,,,
HM139,447,C86,3,41,4.97,1,0,0,0,166,0.012138554,,,
HM168,449,C86,3,44,6.33,1,0,0,0,80,0.0215,,,
HM077,450,C86,3,46.5,4.27,1,0,0,0,302,0.017745033,,,
HM182,451,C86,3,22,3.28,1,0,0,0,174,0.038350575,,,
HM155,452,C86,3,31.5,4.87,1,0,0,0,500,0.014385263,,,
HM075,453,C86,3,33,7.32,1,0,0,0,115,0.018652174,,,
HM024,454,C86,3,34.5,7.51,1,0,0,0,139,0.031381295,,,
HM288,455,C86,3,31.5,5.73,1,0,0,0,262,0.031244275,,,
HM009,456,C86,3,35,7.24,1,0,0,0,151,0.028099338,,,
HM026,457,C86,3,21,5.46,1,1,0,1,149,0.04738255,,,
HM308,458,C86,3,28,5.77,1,1,0,1,188,0.023297872,,,
HM197,459,C86,3,32.5,8.39,1,1,0,1,180,0.0116875,,,
HM170,460,C86,3,20,5.83,1,1,0,1,228,0.022684211,,,
HM052,461,C86,3,24.5,1.41,1,0,0,0,258.6666667,0.015371134,,,
HM309,462,C86,3,39,3.5,1,0,0,0,260,0.01365,,,
HM025,463,C86,3,36,4.99,1,0,0,0,144,0.025583333,,,
HM011,464,C86,3,28.5,0.21,1,0,0,0,85,0.013623529,,,
HM307,465,C86,3,40,5.94,1,0,0,0,146,0.024383562,,,
HM003,466,C86,3,29.5,1.54,1,0,0,0,308,0.016133117,,,
HM036,467,C86,3,31,6.8,1,0,0,0,240,0.024266667,,,
HM093,468,C86,3,37,7.18,1,0,0,0,395.5223881,0.014701887,,,
HM306,469,C86,3,36,6.36,1,0,0,0,313,0.016923323,,,
HM040,470,C86,3,48,8.11,1,0,0,0,253,0.019703557,,,
HM101,471,C86,3,44.5,7.17,1,0,0,0,562,0.010852313,,,
HM268,472,C86,3,34.5,2.63,1,0,0,0,86,0.013197674,,,
HM156,473,C86,3,34.5,7.91,1,0,0,0,457.5757576,0.016774834,,,
HM293,474,C86,3,27,7.04,1,0,0,0,307,0.013224756,,,
HM016,475,C86,3,31,9.24,1,0,0,0,197,0.021543147,,,
HM173,476,C86,3,29.5,8.33,1,0,0,0,256,0.018496094,,,
HM068,477,C86,3,31,4.25,1,1,0,1,304,0.016947368,,,
HM304,478,C86,3,34,8.24,1,1,0,1,251,0.024721116,,,
HM260,479,C86,3,27.5,6.07,1,1,0,1,212,0.02070283,,,
HM276,480,C86,3,17,0.17,1,1,0,1,79,0.011620253,,,
HM270,481,C86,3,26,NA,1,0,0,0,NA,NA,,,
HM189,482,C86,3,32.5,2.36,1,0,0,0,254,0.017948819,,,
HM007,483,C86,3,20,0.47,1,0,0,0,68,0.013455882,,,
HM191,484,C86,3,33.5,1.39,1,0,0,0,147,0.014680272,,,
HM038,485,C86,3,31,3.27,1,0,0,0,319,0.017413793,,,
HM108,486,C86,3,31,7.17,1,0,0,0,411.9402985,0.015927536,,,
HM177,487,C86,3,36,6.69,1,0,0,0,237,0.017438819,,,
HM076,488,C86,3,33,4.86,1,0,0,0,100,0.04819,,,
HM135,489,C86,3,39.5,7.98,1,0,0,0,199,0.020517588,,,
HM039,490,C86,3,46.5,5.99,1,0,0,0,257,0.036688716,,,
HM165,491,C86,3,36,8.2,1,0,0,0,279,0.026978495,,,
HM092,492,C86,3,36.5,6.62,1,0,0,0,294,0.019418367,,,
HM020,493,C86,3,39,1.41,1,0,0,0,103,0.029165049,,,
HM107,494,C86,3,21.5,2.37,1,0,0,0,345.3333333,0.019849421,,,
HM267,495,C86,3,33,8.88,1,0,0,0,454.5454545,0.02444,,,
HM065,496,C86,3,29,5.33,1,0,0,0,583.5820896,0.021304348,,,
HM128,497,C86,3,21.5,4.34,1,1,0,1,139,0.029309353,,,
HM294,498,C86,3,22,4.96,1,1,0,1,318,0.017349057,,,
HM115,499,C86,3,25.5,7.68,1,1,0,1,307,0.020931596,,,
HM159,500,C86,3,21,5.46,1,1,0,1,387,0.017198966,,,
HM041,501,C86,3,29,0.53,1,0,0,0,109,0.017174312,,,
HM266,502,C86,3,43,2.7,1,0,0,0,143,0.015335664,,,
HM086,503,C86,3,29.5,NA,1,0,0,0,NA,NA,,,
HM180,504,C86,3,27,2.11,1,0,0,0,109,0.014238532,,,
HM141,505,C86,3,43,6.71,1,0,0,0,123,0.030138211,,,
HM138,506,C86,3,35.5,4.93,1,0,0,0,177,0.020451977,,,
HM131,507,C86,3,22,0.33,1,0,0,0,139.3939394,0.010413043,,,
HM028,508,C86,3,36,8.58,1,0,0,0,425,0.020452941,,,
HM125,509,C86,3,40,7.95,1,0,0,0,740,0.016535135,,,
HM013,510,C86,3,30,2.12,1,0,0,0,328,0.020264228,,,
HM316,511,C86,3,33,4.39,1,0,0,0,398,0.016055276,,,
HM063,512,C86,3,40.5,8.37,1,0,0,0,161,0.019111801,,,
HM058,513,C86,3,40.5,8.66,1,0,0,0,328,0.017853659,,,
HM042,514,C86,3,28,10.6,1,0,0,0,358,0.017318436,,,
HM083,515,C86,3,29.5,6.96,1,0,0,0,403,0.016057072,,,
HM181,516,C86,3,36,1.01,1,0,0,0,343,0.013154519,,,
HM002,517,C86,3,30,5.44,1,1,0,1,366,0.015338798,,,
HM129,518,C86,3,21.5,7.62,1,1,0,1,148,0.020114865,,,
HM312,519,C86,3,23,6.24,1,1,0,1,487.8787879,0.014310559,,,
HM301,520,C86,3,23.5,7.27,1,1,0,1,201,0.013905473,,,
HM064,521,C86,3,33,4.44,1,0,0,0,289,0.018961938,,,
HM014,522,C86,3,29,8,1,0,0,0,237,0.019654008,,,
HM193,523,C86,3,28.5,0.92,1,0,0,0,120,0.016958333,,,
HM032,524,C86,3,19,2.09,1,0,0,0,416,0.013891827,,,
HM133,525,C86,3,45.5,9.56,1,0,0,0,343.2835821,0.015717391,,,
HM199,526,C86,3,37,7.67,1,0,0,0,119,0.024487395,,,
HM287,527,C86,3,30,0.87,1,0,0,0,148,0.015797297,,,
HM279,528,C86,3,31.5,9.72,1,0,0,0,255,0.026300654,,,
HM148,529,C86,3,32.5,4.14,1,0,0,0,282.6666667,0.019070755,,,
HM048,530,C86,3,40,8.97,1,0,0,0,309.3333333,0.016150862,,,
HM082,531,C86,3,33,6.33,1,0,0,0,188,0.017276596,,,
HM023,532,C86,3,28.5,3.07,1,0,0,0,44,0.070568182,,,
HM157,533,C86,3,31,1.62,1,0,0,0,221,0.015918552,,,
HM192,534,C86,3,33,11.43,1,0,0,0,168.8888889,0.028230263,,,
HM074,535,C86,3,36.5,8.33,1,0,0,0,530,0.01704717,,,
HM154,536,C86,3,36.5,9.31,1,0,0,0,392,0.017454082,,,
HM149,537,C86,3,24.5,3.01,1,1,0,1,232,0.022392241,,,
HM198,538,C86,3,25.5,7.93,1,1,0,1,126,0.021769841,,,
HM004,539,C86,3,29,6.97,1,1,0,1,308,0.013061688,,,
HM050,540,C86,3,20.5,4.92,1,1,0,1,182,0.033758242,,,
HM080,541,C86,3,28,6.93,1,0,0,0,135,0.016466667,,,
HM185,542,C86,3,27,3.48,1,0,0,0,171,0.020192982,,,
HM114,543,C86,3,36,NA,1,0,0,0,NA,NA,,,
HM112,544,C86,3,41,3.25,1,0,0,0,113,0.018902655,,,
HM153,545,C86,3,33.5,3.37,1,0,0,0,359,0.014058496,,,
HM305,546,C86,3,37.5,5.18,1,0,0,0,289.3333333,0.017281106,,,
HM187,547,C86,3,25.5,6.21,1,0,0,0,340,0.015211765,,,
HM056,548,C86,3,41,7.47,1,0,0,0,169,0.014715976,,,
HM278,549,C86,3,28,4.59,1,0,0,0,443,0.011837472,,,
HM021,550,C86,3,38.5,6.95,1,0,0,0,280,0.024803571,,,
HM134,551,C86,3,39.5,8.34,1,0,0,0,296,0.010888514,,,
HM183,552,C86,3,34.5,7.18,1,0,0,0,301,0.015601329,,,
HM150,553,C86,3,33.5,5.61,1,0,0,0,135,0.013585185,,,
HM184,554,C86,3,31,6.81,1,0,0,0,147,0.018578231,,,
HM194,555,C86,3,31.5,8.75,1,0,0,0,242.8571429,0.024547059,,,
HM147,556,C86,3,32.5,4.3,1,0,0,0,195,0.024474359,,,
HM037,557,C86,3,24,6.18,1,1,0,1,145,0.019468966,,,
HM034,558,C86,3,24,6.82,1,1,0,1,199,0.020502513,,,
HM190,559,C86,3,24.5,5.63,1,1,0,1,188,0.030154255,,,
HM049,560,C86,3,22.5,5.86,1,1,0,1,347.1428571,0.017530864,,,
HM119,561,C86,3,29.5,3.38,1,0,0,0,305.7142857,0.019607477,,,
HM302,562,C86,3,30,1.13,1,0,0,0,102,0.014598039,,,
HM271,563,C86,3,23,1.35,1,0,0,0,414.9253731,0.01118705,,,
HM012,564,C86,3,34.5,3.36,1,0,0,0,166,0.024698795,,,
HM008,565,C86,3,29,5.96,1,0,0,0,NA,NA,,,
HM015,566,C86,3,22.5,3.06,1,0,0,0,91,0.061527473,,,
HM205,567,C86,3,33.5,5.94,1,0,0,0,250,0.02272,,,
HM054,568,C86,3,33.5,7.17,1,0,0,0,241,0.01906639,,,
HM277,569,C86,3,31.5,3.65,1,0,0,0,205,0.012,,,
HM099,570,C86,3,28,4.47,1,0,0,0,NA,NA,,,
HM160,571,C86,3,29.5,2.21,1,0,0,0,152,0.022907895,,,
HM097,572,C86,3,31.5,6.67,1,0,0,0,138,0.018528986,,,
HM018,573,C86,3,32.5,7.02,1,0,0,0,95,0.0252,,,
HM051,574,C86,3,28,7.4,1,0,0,0,326.8656716,0.017703196,,,
HM098,575,C86,3,35,7.23,1,0,0,0,536.6666667,0.013993789,,,
HM167,576,C86,3,29,7.7,1,0,0,0,356,0.015662921,,,
HM096,577,C86,3,26.5,4.63,1,1,0,1,344,0.016159884,,,
HM130,578,C86,3,26,5.16,1,1,0,1,250.6666667,0.022111702,,,
HM031,579,C86,3,27,6.65,1,1,0,1,330,0.010787879,,,
HM085,580,C86,3,32.5,5.31,1,1,0,1,280.5970149,0.019340426,,,
HM079,581,C86,3,40,4.11,1,0,0,0,247.5,0.017611111,,,
HM145,582,C86,3,30.5,1.93,1,0,0,0,320,0.0134,,,
HM109,583,C86,3,31.5,7.48,1,0,0,0,186,0.016682796,,,
HM289,584,C86,3,32,1.97,1,0,0,0,350,0.014742857,,,
HM297,585,C86,3,44,4.73,1,0,0,0,221,0.016556561,,,
HM095,586,C86,3,36,5.87,1,0,0,0,281.3333333,0.01085782,,,
HM299,587,C86,3,34.5,3.46,1,0,0,0,313,0.011520767,,,
HM047,588,C86,3,21,0.41,1,0,0,0,105,0.013514286,,,
HM044,589,C86,3,33.5,5.55,1,0,0,0,125,0.021696,,,
HM296,590,C86,3,38.5,5.46,1,0,0,0,364,0.013831502,,,
HM073,591,C86,3,33,5.45,1,0,0,0,188,0.0195,,,
HM202,592,C86,3,28.5,4.76,1,0,0,0,79,0.037455696,,,
HM062,593,C86,3,26,4.33,1,0,0,0,202.5,0.021166667,,,
HM106,594,C86,3,25.5,7.11,1,0,0,0,152,0.023703947,,,
HM179,595,C86,3,28,4.04,1,0,0,0,193,0.025725389,,,
HM069,596,C86,3,35,5.29,1,0,0,0,237,0.021814346,,,
HM006,597,C86,3,28.5,4.59,1,1,0,1,210,0.018671429,,,
HM172,598,C86,3,22,4.51,1,1,0,1,207,0.017661836,,,
HM061,599,C86,3,23,5.73,1,1,0,1,133,0.016631579,,,
HM084,600,C86,3,24.5,5.97,1,1,0,1,154,0.025311688,,,
HM151,601,C86,3,31,3.46,1,0,0,0,246.2686567,0.016090909,,,
HM203,602,C86,3,31,1.44,1,0,0,0,249.3333333,0.015299465,,,
HM118,603,C86,3,48,3.8,1,0,0,0,256,0.01503125,,,
HM195,604,C86,3,41.5,3.65,1,0,0,0,194,0.019350515,,,
HM087,605,C86,3,35,4.08,2,0,0,0,127,0.030944882,,,
HM120,606,C86,3,39,5.54,2,0,0,0,292.6315789,0.011629496,,,
HM053,607,C86,3,34,5.78,2,0,0,0,207,0.016652174,,,
HM089,608,C86,3,31,6.21,2,0,0,0,202,0.017915842,,,
HM091,609,C86,3,31.5,6.78,2,0,0,0,127,0.019259843,,,
HM060,610,C86,3,34,8.32,2,0,0,0,187,0.015593583,,,
HM045,611,C86,3,44,5.88,2,0,0,0,224,0.022708333,,,
HM152,612,C86,3,32.5,3.66,2,0,0,0,217,0.013041475,,,
HM005,613,C86,3,30.5,6.93,2,0,0,0,125,0.017232,,,
HM121,614,C86,3,33,6.17,2,0,0,0,584.8484848,0.011430052,,,
HM146,615,C86,3,26.5,5.41,2,0,0,0,273,0.012732601,,,
HM001,616,C86,3,32.5,3.56,2,0,0,0,297.0149254,0.014648241,,,
HM162,617,C86,3,20,2.87,2,1,0,1,235,0.008953191,,,
HM081,618,C86,3,25.5,4.72,2,1,0,1,176,0.013448864,,,
HM019,619,C86,3,28.5,6.18,2,1,0,1,296,0.016094595,,,
HM295,620,C86,3,25,7.6,2,1,0,1,138,0.026188406,,,
HM175,621,C86,3,24.5,3.77,2,0,0,0,288,0.012215278,,,
HM169,622,C86,3,25,3.38,2,0,0,0,969.6969697,0.0118,,,
HM269,623,C86,3,25.5,3.65,2,0,0,0,231,0.019969697,,,
HM262,624,C86,3,26,0.49,2,1,0,0,182,0.01078022,,,
HM296,625,C86,4,30.5,6.45,2,1,0,0,212,0.014377358,,,
HM260,626,C86,4,28.5,3.57,2,0,0,0,179,0.012452514,,,
HM198,627,C86,4,22,2.75,2,0,0,0,138,0.015876812,,,
HM191,628,C86,4,29.5,3.73,2,0,0,0,132,0.013628788,,,
HM060,629,C86,4,24,6.1,2,1,0,0,310,0.018406452,,,
HM026,630,C86,4,25,5.56,2,0,0,0,199,0.023271357,,,
HM193,631,C86,4,28,4.28,2,0,0,0,225,0.012097778,,,
HM124,632,C86,4,27.5,5.69,2,0,0,0,117,0.020324786,,,
HM164,633,C86,4,22.5,5.38,2,1,0,0,139,0.017395683,,,
HM276,634,C86,4,21.5,0.35,2,0,0,0,105,0.008771429,,,
HM166,635,C86,4,27.5,4.85,2,0,0,0,214,0.014911215,,,
HM185,636,C86,4,22.5,1.81,2,0,0,0,177,0.015813559,,,
HM133,637,C86,4,29.5,6.02,2,1,0,0,390,0.014790598,,,
HM074,638,C86,4,36.5,7.39,2,0,0,0,344,0.015151163,,,
HM178,639,C86,4,34.5,5.77,2,0,0,0,311,0.011810289,,,
HM168,640,C86,4,38,3.47,2,0,0,0,161,0.021937888,,,
HM192,641,C86,4,24.5,5.49,2,1,1,0,312,0.020080128,,,
HM148,642,C86,4,25.5,1.11,2,1,1,0,192,0.013911458,,,
HM117,643,C86,4,34,6.45,2,1,1,0,256.6666667,0.019577922,,,
HM197,644,C86,4,29,5.63,2,1,1,0,733.3333333,0.008061983,,,
HM289,645,C86,4,27,1.76,2,0,0,0,237,0.018552743,,,
HM131,647,C86,4,22,1.06,2,0,0,0,214,0.009,,,
HM039,648,C86,4,45.5,3.47,2,0,0,0,170,0.025688235,,,
HM299,649,C86,4,23,0.65,2,0,0,0,53,0.017301887,,,
HM077,650,C86,4,41.5,1.5,2,0,0,0,238,0.014689076,,,
HM080,651,C86,4,33,3.61,2,0,0,0,420,0.013889881,,,
HM025,652,C86,4,37,5.1,2,0,0,0,203,0.018684729,,,
HM122,653,C86,4,39.5,5.71,2,0,0,0,412,0.015873786,,,
HM298,654,C86,4,36.5,9.14,2,0,0,0,352,0.017653409,,,
HM099,655,C86,4,32,1,2,0,0,0,188,0.018154255,,,
HM038,656,C86,4,35,3.85,2,0,0,0,192,0.0183125,,,
HM154,657,C86,4,38,7.37,2,0,0,0,298,0.017255034,,,
HM141,658,C86,4,35,8.63,2,0,0,0,265.3333333,0.023839196,,,
HM024,659,C86,4,34,5.05,2,0,0,0,133.3333333,0.03377,,,
HM008,661,C86,4,27.5,7.6,2,1,1,0,177,0.015971751,,,
HM098,662,C86,4,31,6.71,2,1,1,0,226,0.019889381,,,
HM181,663,C86,4,31.5,7.72,2,1,1,0,713.3333333,0.013981308,,,
HM021,664,C86,4,34.5,8.59,2,1,1,0,294,0.018258503,,,
HM312,665,C86,4,21,0.81,2,0,0,0,166,0.020590361,,,
HM297,666,C86,4,26.5,0.68,2,0,0,0,106,0.01754717,,,
HM033,668,C86,4,27.5,2.25,2,0,0,0,150,0.0246,,,
HM071,669,C86,4,34,5.57,2,0,0,0,235,0.016378723,,,
HM277,670,C86,4,37.5,8.96,2,0,0,0,212,0.013160377,,,
HM015,671,C86,4,20.5,2.13,2,0,0,0,170,0.026558824,,,
HM062,672,C86,4,26,1.51,2,0,0,0,213,0.019596244,,,
HM169,673,C86,4,31,4.55,2,0,0,0,237,0.014451477,,,
HM068,674,C86,4,35,4.63,2,0,0,0,318.3333333,0.02617801,,,
HM047,675,C86,4,22,2.56,2,0,0,0,203,0.028536946,,,
HM112,676,C86,4,43,3.46,2,0,0,0,213,0.02356338,,,
HM012,677,C86,4,43,4.89,2,0,0,0,262.6865672,0.013625,,,
HM069,678,C86,4,33.5,9.06,2,0,0,0,273,0.021681319,,,
HM156,679,C86,4,32.5,3.45,2,0,0,0,316.6666667,0.021968421,,,
HM262,680,C86,4,37.5,0.74,2,0,0,0,337.3333333,0.014940711,,,
HM063,681,C86,4,30.5,5.85,2,1,1,0,294,0.012187075,,,
HM115,682,C86,4,29.5,8.63,2,1,1,0,190,0.027231579,,,
HM082,683,C86,4,31,4.49,2,1,1,0,247,0.009481781,,,
HM152,684,C86,4,32.5,5.61,2,1,1,0,432.5,0.015208092,,,
HM307,685,C86,4,38.5,5.93,2,0,0,0,186,0.021080645,,,
HM316,686,C86,4,37.5,1.14,2,0,0,0,164,0.010512195,,,
HM013,687,C86,4,25.5,1.9,2,0,0,0,320,0.015773438,,,
HM201,688,C86,4,35.5,7.13,2,0,0,0,143,0.034020979,,,
HM031,689,C86,4,36.5,5.31,2,0,0,0,332.8358209,0.010600897,,,
HM149,690,C86,4,30.5,1.62,2,0,0,0,182,0.020181319,,,
HM145,691,C86,4,42.5,3.99,2,0,0,0,590.9090909,0.018635897,,,
HM085,692,C86,4,42,7.65,2,0,0,0,228,0.022828947,,,
HM128,693,C86,4,39,6.43,2,0,0,0,116,0.019931034,,,
HM092,694,C86,4,36,6.46,2,0,0,0,263,0.017684411,,,
HM076,695,C86,4,36,4.82,2,0,0,0,91,0.060274725,,,
HM042,696,C86,4,40,7.58,2,0,0,0,185,0.015194595,,,
HM007,698,C86,4,16.5,0.64,2,0,0,0,192,0.008723958,,,
HM093,699,C86,4,42,5.38,2,0,0,0,377,0.017798408,,,
HM097,700,C86,4,37,8.91,2,0,0,0,241.3333333,0.022906077,,,
HM019,701,C86,4,38,8.4,2,1,1,0,275,0.015843636,,,
HM267,702,C86,4,32.5,7.17,2,1,1,0,213,0.025037559,,,
HM061,703,C86,4,36,9.14,2,1,1,0,246,0.015410569,,,
HM091,704,C86,4,36.5,9.22,2,1,1,0,434,0.016730415,,,
HM306,705,C86,4,36,1.19,2,0,0,0,171,0.017725146,,,
HM179,706,C86,4,29,0.57,2,0,0,0,58,0.028344828,,,
HM287,707,C86,4,32.5,0.33,2,0,0,0,NA,NA,,,
HM023,708,C86,4,27,0.22,2,0,0,0,NA,NA,,,
HM253,709,C86,4,49.5,5.13,2,0,0,0,111,0.03136036,,,
HM086,710,C86,4,40.5,4.52,2,0,0,0,100,0.02764,,,
HM020,711,C86,4,44,5.57,2,0,0,0,123,0.038910569,,,
HM079,712,C86,4,43.5,3.63,2,0,0,0,161,0.016385093,,,
HM034,713,C86,4,30,3.02,2,0,0,0,265,0.016516981,,,
HM041,714,C86,4,37,2.42,2,0,0,0,182,0.022324176,,,
HM184,715,C86,4,32.5,6.13,2,0,0,0,214,0.022285047,,,
HM048,716,C86,4,40.5,4.05,2,0,0,0,262,0.01728626,,,
HM295,717,C86,4,37.5,8.3,2,0,0,0,144,0.031409722,,,
HM001,718,C86,4,37,2.79,2,0,0,0,265,0.013630189,,,
HM101,719,C86,4,52,9.18,2,0,0,0,793.9393939,0.010419847,,,
HM002,720,C86,4,41,5.51,2,0,0,0,212,0.011433962,,,
HM162,721,C86,4,31.5,4.44,2,1,1,0,781.8181818,0.008918605,,,
HM159,722,C86,4,28,5.68,2,1,1,0,283,0.019275618,,,
HM205,723,C86,4,31,3.39,2,1,1,0,335.7142857,0.022097872,,,
HM005,724,C86,4,34.5,5.99,2,1,1,0,214,0.021686916,,,
HM155,725,C86,4,37,0.87,2,0,0,0,NA,NA,,,
HM134,726,C86,4,39,6.92,2,0,0,0,175,0.014771429,,,
HM096,727,C86,4,33,2.53,2,0,0,0,156,0.027474359,,,
HM032,728,C86,4,25.5,2.55,2,0,0,0,352,0.013210227,,,
HM053,729,C86,4,39,7.54,2,0,0,0,297,0.023185185,,,
HM018,730,C86,4,46,8.61,2,0,0,0,113,0.040769912,,,
HM170,731,C86,4,34,2.68,2,0,0,0,209,0.026942584,,,
HM056,732,C86,4,43,7.59,2,0,0,0,251.1111111,0.016486726,,,
HM073,733,C86,4,37.5,1.7,2,0,0,0,192,0.017130208,,,
HM044,734,C86,4,36.5,8.19,2,0,0,0,356.7164179,0.019698745,,,
HM153,735,C86,4,40,5,2,0,0,0,374.6666667,0.01919573,,,
HM309,736,C86,4,44,9.13,2,0,0,0,356,0.011162921,,,
HM151,737,C86,4,39.5,6.61,2,0,0,0,218,0.017444954,,,
HM150,738,C86,4,46,5.06,2,0,0,0,420,0.011164286,,,
HM040,739,C86,4,53.5,9.04,2,0,0,0,304.4776119,0.012598039,,,
HM165,740,C86,4,39,10.66,2,0,0,0,263.6363636,0.032821839,,,
HM308,741,C86,4,36.5,6.66,2,1,1,0,200,0.015055,,,
HM288,742,C86,4,32,6.15,2,1,1,0,203,0.031019704,,,
HM279,743,C86,4,33.5,12.15,2,1,1,0,245,0.019620408,,,
HM009,744,C86,4,41.5,7.62,2,1,1,0,282,0.023404255,,,
HM266,745,C86,4,41,5.42,2,0,0,0,320,0.017453125,,,
HM177,746,C86,4,26.5,6.47,2,0,0,0,267.7777778,0.026091286,,,
HM278,747,C86,4,22.5,4.35,2,0,0,0,466,0.014583691,,,
HM087,748,C86,4,27,3.73,2,0,0,0,177,0.026570621,,,
HM004,749,C86,4,33.5,7.81,2,0,0,0,494.2857143,0.011554913,,,
HM270,750,C86,4,34.5,2.71,2,0,0,0,381,0.022330709,,,
HM027,751,C86,4,25.5,2.19,2,0,0,0,241,0.018614108,,,
HM186,752,C86,4,39.5,7.98,2,0,0,0,726.6666667,0.014279817,,,
HM107,753,C86,4,26.5,6.66,2,0,0,0,435,0.015742529,,,
HM108,754,C86,4,36,8.65,2,0,0,0,851.5151515,0.01341637,,,
HM058,755,C86,4,40,9.83,2,0,0,0,215,0.019469767,,,
HM195,756,C86,4,40,5.33,2,0,0,0,352.238806,0.021495763,,,
HM051,757,C86,4,30.5,5.88,2,0,0,0,382.0895522,0.01675,,,
HM083,758,C86,4,29.5,6.92,2,0,0,0,346.2686567,0.015336207,,,
HM187,759,C86,4,28,4.3,2,0,0,0,560.6060606,0.013,,,
HM138,760,C86,4,33,6.06,2,0,0,0,398.5714286,0.008390681,,,
HM294,761,C86,4,30,5.65,2,1,1,0,212.5,NA,,,
HM057,762,C86,4,34.5,6.37,2,1,1,0,314.9253731,0.019630332,,,
HM070,763,C86,4,33,1.1,2,1,1,0,206,0.023985437,,,
HM189,764,C86,4,27,7.97,2,1,1,0,386,0.013393782,,,
HM125,765,C86,4,34.5,1.68,2,0,0,0,204,0.017063725,,,
HM050,767,C86,4,27,5.02,2,0,0,0,219,0.023219178,,,
HM003,768,C86,4,26,0.65,2,0,0,0,124,0.015120968,,,
HM139,769,C86,4,40,6.18,2,0,0,0,128,0.012695313,,,
HM037,770,C86,4,37.5,6.11,2,0,0,0,168,0.016125,,,
HM180,771,C86,4,35,5.65,2,0,0,0,291,0.014914089,,,
HM046,772,C86,4,39.5,2.42,2,0,0,0,280,0.018,,,
HM014,773,C86,4,33.5,9.73,2,0,0,0,244,0.021651639,,,
HM301,774,C86,4,30,5.27,2,0,0,0,402.5,0.014751553,,,
HM109,775,C86,4,33.5,12.59,2,0,0,0,209,0.019722488,,,
HM084,776,C86,4,36,8.95,2,0,0,0,175,0.021777143,,,
HM268,777,C86,4,41.5,6.01,2,0,0,0,134,0.021619403,,,
HM196,778,C86,4,38,6.03,2,0,0,0,181,0.029270718,,,
HM036,779,C86,4,35,10.86,2,0,0,0,200,0.019105,,,
HM130,780,C86,4,31.5,10.7,2,0,0,0,315,0.023736508,,,
HM310,781,C86,4,26,7.82,2,1,1,0,129,0.038170543,,,
HM052,783,C86,4,25.5,6.46,2,1,1,0,177,0.01919774,,,
HM157,784,C86,4,27,2.19,2,1,1,0,239,0.011786611,,,
HM135,785,C86,4,36,2.79,2,0,0,0,175,0.018217143,,,
HM305,786,C86,4,33,1.35,2,0,0,0,174,0.01737931,,,
HM167,787,C86,4,31,7.46,2,0,0,0,525.3731343,0.015133523,,,
HM106,788,C86,4,26,3.13,2,0,0,0,213,0.025769953,,,
HM176,789,C86,4,29,4.07,2,0,0,0,122,0.029959016,,,
HM315,790,C86,4,44,4.56,2,0,0,0,235,0.016059574,,,
HM194,791,C86,4,37,8.21,2,0,0,0,125,0.022144,,,
HM065,792,C86,4,31.5,3.07,2,0,0,0,326,0.027138037,,,
HM114,793,C86,4,40,9.53,2,0,0,0,168,0.021720238,,,
HM304,794,C86,4,38,9.09,2,0,0,0,194,0.019335052,,,
HM055,795,C86,4,36.5,7.63,2,0,0,0,314,0.021318471,,,
HM271,796,C86,4,32,3.85,2,0,0,0,375,0.016631111,,,
HM120,797,C86,4,41,8.38,2,0,0,0,297.7777778,0.017384328,,,
HM160,798,C86,4,NA,NA,2,0,0,0,NA,NA,,,
HM066,799,C86,4,40.5,6.29,2,0,0,0,549.2537313,0.014399457,,,
HM293,800,C86,4,31,7.1,2,0,0,0,366,0.019371585,,,
HM006,801,C86,4,25,3.06,2,1,1,0,138,0.028413043,,,
HM129,802,C86,4,NA,NA,2,1,1,0,NA,NA,,,
HM182,803,C86,4,23.5,8.75,2,1,1,0,213,0.033877934,,,
HM089,804,C86,4,29.5,10.47,2,1,1,0,639.3939394,0.020777251,,,
HM190,805,C86,4,23.5,2.65,2,1,0,0,203,0.027359606,,,
HM202,806,C86,4,29.5,9.99,2,1,0,0,406.0606061,0.024059701,,,
HM200,807,C86,4,26.5,5.5,2,1,0,0,480,0.01271875,,,
HM054,808,C86,4,22.5,5.62,2,1,0,0,204,0.028926471,,,
HM016,809,C86,4,33,8.51,2,0,0,0,279.1044776,0.017395722,,,
HM075,810,C86,4,33.5,6.65,2,0,0,0,341.6666667,0.019936585,,,
HM121,811,C86,4,35,7.8,2,0,0,0,412,0.016774272,,,
HM203,812,C86,4,29.5,7.39,2,0,0,0,476.119403,0.012369906,,,
HM302,813,C86,4,37,0.94,2,0,0,0,120,0.018966667,,,
HM028,814,C86,4,34.5,7.21,2,0,0,0,174,0.022367816,,,
HM199,815,C86,4,37,5.74,2,0,0,0,132,0.027681818,,,
HM269,816,C86,4,29,7.74,2,0,0,0,191,0.021591623,,,
HM173,817,C86,4,32.5,7.06,2,0,0,0,254,0.019279528,,,
HM175,818,C86,4,31,6.63,2,0,0,0,117,0.020188034,,,
HM118,819,C86,4,39.5,5.19,2,0,0,0,172,0.024639535,,,
HM064,820,C86,4,36,5.27,2,0,0,0,180,0.015905556,,,
HM119,821,C86,4,33.5,5.34,2,1,1,0,125,0.023416,,,
HM146,822,C86,4,23,4.37,2,1,1,0,163,0.021319018,,,
HM072,823,C86,4,33,10.96,2,1,1,0,NA,NA,,,
HM081,824,C86,4,24.5,4.61,2,1,1,0,151,0.025860927,,,
HM172,825,C86,4,22.5,4.63,2,1,0,0,169,0.021230769,,,
HM011,826,C86,4,26.5,4.51,2,1,0,0,145,0.022255172,,,
HM010,827,C86,4,29.5,1.68,2,1,0,0,170,0.029011765,,,
HM049,828,C86,4,24,3.91,2,1,0,0,224,0.019866071,,,
HM147,829,C86,4,35.5,5.12,2,0,0,0,133,0.029518797,,,
HM183,830,C86,4,29.5,11.21,2,0,0,0,384,0.023125,,,
HM045,831,C86,4,38.5,2.77,2,0,0,0,175,0.024257143,,,
HM095,832,C86,4,30,6.71,2,0,0,0,401.25,0.014760125,,,
